<?xml version="1.0"?>
<root>
    <images>
        <image>
            <title>Slider 1 Image</title>
            <key>slider-1</key>
            <file>uploads/slider1jpg-09-06-2021-1623221243512.jpg</file>
        </image>
        <image>
            <title>Slider 2 Image</title>
            <key>slider-2</key>
            <file>uploads/slider2jpg-09-06-2021-1623221249706.jpg</file>
        </image>

        <image>
            <title>Home Page Flash Image 1</title>
            <key>home-page-flash-image-1</key>
            <file>uploads/home-banner1jpg-26-05-2021-1622019748771.jpg</file>
        </image>
        <image>
            <title>Home Page Flash Image 2</title>
            <key>home-page-flash-image-2</key>
            <file>uploads/home-banner2jpg-26-05-2021-1622019753539.jpg</file>
        </image>
        <image>
            <title>Home Page Flash Image 3</title>
            <key>home-page-flash-image-3</key>
            <file>uploads/home-bannerjpg-26-05-2021-1622019762702.jpg</file>
        </image>
                
        <image>
            <title>Collection Page Hero Image</title>
            <key>collection-page-hero-image</key>
            <file>uploads/cat-banner-1jpg-26-05-2021-1622019860090.jpg</file>
        </image>

        <image>
            <title>About Us Page Hero Image</title>
            <key>about-us-page-hero-image</key>
            <file>uploads/page-header-bgjpg-25-04-2021-1619347488484.jpg</file>
        </image>
        <image>
            <title>Contact Us Page Hero Image</title>
            <key>contact-us-page-hero-image</key>
            <file>uploads/banner-topjpg-25-04-2021-1619347542327.jpg</file>
        </image>

    </images>

    <menus>
        <menu>
            <title>Top Menubar</title>
            <key>top-menubar</key>
            <menujson>[{"text":"Home","href":"/","icon":"","target":"_self","title":""},{"text":"Products","href":"/collection/all","icon":"","target":"_self","title":""},{"text":"Cart","href":"/cart","icon":"","target":"_self","title":""},{"text":"About","href":"/page/about-us","icon":"","target":"_self","title":""},{"text":"Contact","icon":"","href":"/page/contact-us","target":"_self","title":""}]</menujson>
        </menu>
     

        <menu>
            <title>Category Menu</title>
            <key>category-menu</key>
            <menujson>[{"text":"Fruits","href":"/collection/fruits","icon":"","target":"_self","title":""},{"text":"Vegetables","href":"/collection/vegetables","icon":"","target":"_self","title":""},{"text":"Dairy Products","href":"/collection/dairy","icon":"","target":"_self","title":""},{"text":"Meat and Fish","href":"/collection/meat","icon":"","target":"_self","title":""}]</menujson>
        </menu>

        <menu>
            <title>Footer Menu</title>
            <key>footer-menu</key>
            <menujson>[{"text":"CUSTOMER SERVICE","href":"#","icon":"","target":"_self","title":"","children":[{"text":"My Account","href":"/login","icon":"","target":"_self","title":""},{"text":"Order-history","href":"/customer","icon":"","target":"_self","title":""},{"text":"FAQ","href":"/page/faq","icon":"","target":"_self","title":""},{"text":"Specials","href":"/page/Specials","icon":"","target":"_self","title":""},{"text":"Help Center","href":"/page/help-center","icon":"","target":"_self","title":""}]},{"text":"Corporation","href":"#","icon":"","target":"_self","title":"","children":[{"text":"About Us","href":"/page/about-us","icon":"","target":"_self","title":""},{"text":"Customer Service","href":"/page/customer-service","icon":"","target":"_self","title":""},{"text":"Company","href":"/page/company","icon":"","target":"_self","title":""},{"text":"Investor Relations","href":"/page/investor-relation","icon":"","target":"_self","title":""},{"text":"Track Order","href":"/track-order","icon":"","target":"_self","title":""}]},{"text":"WHY CHOOSE US","href":"page/why-choose-us","icon":"","target":"_self","title":"","children":[{"text":"Shopping Guide","href":"/page/Shopping-guide","icon":"","target":"_self","title":""},{"text":"Blog","href":"/page/blog","icon":"","target":"_self","title":""},{"text":"Company","href":"/page/company","icon":"","target":"_self","title":""},{"text":"Terms and Conditions","href":"/page/terms-and-conditions","icon":"","target":"_self","title":""},{"text":"Contact Us","href":"/page/contact-us","icon":"","target":"_self","title":""}]}]</menujson>
        </menu>
    </menus>
</root>
